_id,title,domain,date,duration,trainerName,location,desc
66167c20e10537e70a816c8d,Fullstack Development Bootcamp,Fullstack,2024-04-24,1,Devinne,aurum,Fullstack Development Bootcamp is an intensive training program
66167c20e10537e85f4fe4b0,Data Analysis Workshop,Data,2024-04-19,3,Mandie,tardis,Data Analysis Workshop provides hands-on analytical skills
66167c20e10537e7916ba1e0,Cloud Computing Certification Course,Cloud,2024-04-20,4,Quintana,groot,Cloud Computing Certification Course covers cloud infrastructure and services
66167c20e10537e8c57ab3e8,Frontend Frameworks Masterclass,Fullstack,2024-04-23,3,Arv,tardis,Frontend Frameworks Masterclass focuses on modern web development tools
66167c20e10537e83cb67476,Machine Learning Fundamentals Training,Data,2024-04-21,4,Kit,aurum,Machine Learning Fundamentals Training introduces basic machine learning concepts
66167c20e10537e83e6ca509,DevOps Essentials Workshop,Data,2024-04-22,1,Marlee,jarvis,DevOps Essentials Workshop covers practices for software development and operations
66167c20e10537e8928bbf86,Cybersecurity Basics Seminar,Cybersecurity,2024-04-19,5,Aldis,aurum,Cybersecurity Basics Seminar provides foundational knowledge in cybersecurity
66167c20e10537e7c52103c9,Agile Project Management Training,Agile,2024-04-28,4,Orsa,aurum,Agile Project Management Training teaches agile methodologies and practices
66167c20e10537e71b41aa82,Database Administration Crash Course,Database,2024-04-27,5,Karee,groot,Database Administration Crash Course covers essential database management skills
66167c20e10537e8a3bcf189,IoT Solutions Workshop,IoT,2024-04-27,5,Barbara,groot,IoT Solutions Workshop explores Internet of Things technologies and applications
66167c20e10537e8b1b76003,Web Development Fundamentals Bootcamp,Fullstack,2024-04-29,1,Kaitlynn,groot,Web Development Fundamentals Bootcamp provides basic web development skills
66167c20e10537e6c405f851,Big Data Analytics Certification Course,Data,2024-04-23,2,Cirillo,groot,Big Data Analytics Certification Course covers data analytics tools and techniques
66167c20e10537e770366221,Cloud Security Best Practices Seminar,Cloud,2024-04-24,4,Rose,aurum,Cloud Security Best Practices Seminar focuses on securing cloud environments
66167c20e10537e7c2855baa,Software Testing Techniques Workshop,Fullstack,2024-04-25,1,Neddy,jarvis,Software Testing Techniques Workshop covers software testing methodologies
66167c20e10537e841ea2dd5,Blockchain Technology Overview Session,Blockchain,2024-04-25,3,Amaleta,tardis,Blockchain Technology Overview Session introduces blockchain concepts and applications
66167c20e10537e7a67f3ebc,AI and ML Applications in Business Training,Data,2024-04-28,1,Jeannine,falcon,AI and ML Applications in Business Training explores business applications of AI and ML
66167c20e10537e82b6ef78d,Network Security Fundamentals Workshop,Network,2024-04-26,4,Gavan,jarvis,Network Security Fundamentals Workshop covers essential network security concepts
66167c20e10537e80c7b869f,Mobile App Development Bootcamp,Fullstack,2024-04-28,2,Lindsy,jarvis,Mobile App Development Bootcamp provides skills to develop mobile applications
66167c20e10537e7b003c74e,Data Visualization Techniques Training,Data,2024-04-26,5,Dory,falcon,Data Visualization Techniques Training covers data visualization tools and methods
66167c20e10537e875099c2a,Cloud Migration Strategies Workshop,Cloud,2024-04-21,1,Cullin,tardis,Cloud Migration Strategies Workshop focuses on cloud migration planning and execution
66167c20e10537e752949fc5,Cybersecurity Threats and Mitigation Seminar,Cybersecurity,2024-04-23,2,Gabey,jarvis,Cybersecurity Threats and Mitigation Seminar discusses cybersecurity threats and mitigation strategies
66167c20e10537e6d7ef1236,Agile Scrum Master Certification Course,Agile,2024-04-19,4,Garrett,tardis,Agile Scrum Master Certification Course prepares individuals for Scrum Master roles
66167c20e10537e6dda6cc34,Database Design and Optimization Workshop,Database,2024-04-20,2,Hollis,falcon,Database Design and Optimization Workshop covers database design and optimization techniques
66167c20e10537e7714b2053,IoT Security Best Practices Training,IoT,2024-04-21,3,Aaren,groot,IoT Security Best Practices Training focuses on securing Internet of Things devices and networks
66167c20e10537e72c310187,Web Development Frameworks Deep Dive Bootcamp,Fullstack,2024-04-29,1,Galven,aurum,Web Development Frameworks Deep Dive Bootcamp provides in-depth training on web development frameworks
66167c20e10537e6f9e78669,Big Data Processing Techniques Workshop,Data,2024-04-29,4,Broddy,falcon,Big Data Processing Techniques Workshop covers big data processing and analysis techniques
66167c20e10537e80985c409,Cloud Architecture Design Principles Seminar,Cloud,2024-04-22,5,Bronny,jarvis,Cloud Architecture Design Principles Seminar discusses principles for designing cloud architectures
66167c20e10537e73df52120,Software Quality Assurance Training,Fullstack,2024-04-20,2,Crysta,falcon,Software Quality Assurance Training covers software quality assurance methodologies and practices
66167c20e10537e7a3c972f6,Blockchain Development Fundamentals Bootcamp,Blockchain,2024-04-21,1,Neel,groot,Blockchain Development Fundamentals Bootcamp provides foundational training in blockchain development.
